Start,End,StartM,EndM,length,lengthM,iid,ch,StartPosGRCh37,EndPosGRCh37
0,90,1.5e-05,0.014333,90,0.014318,I2534,20,63799,543744
174,265,0.033638,0.04845,91,0.014811999999999999,I2534,20,843733,1024652
3991,4168,0.446325,0.46181801,177,0.015493009999999974,I2534,20,19727485,20348253
7444,7777,0.63872898,0.65937299,333,0.020644010000000046,I2534,20,43065028,44831696
7801,7903,0.66214299,0.67237997,102,0.010236980000000062,I2534,20,44938851,45382516
9179,9494,0.76638401,0.79587698,315,0.02949296999999995,I2534,20,50559652,52154967
9749,9890,0.827631,0.84749502,141,0.019864019999999982,I2534,20,53441497,54372477
