Start,End,StartM,EndM,length,lengthM,iid,ch,StartPosGRCh37,EndPosGRCh37
14654,21043,0.85626203,1.10405803,6389,0.24779600000000002,I1178,9,85960840,109244902
