Start,End,StartM,EndM,length,lengthM,iid,ch,StartPosGRCh37,EndPosGRCh37
0,7940,0.00353,0.44316801,7940,0.43963801,I1178,6,203909,23616661
32635,44713,1.29477596,1.92032301,12078,0.62554705,I1178,6,128207306,170906415
