Start,End,StartM,EndM,length,lengthM,iid,ch,StartPosGRCh37,EndPosGRCh37
3175,4336,0.29542601,0.36158299,1161,0.06615697999999998,Ust_Ishim_published.DG,19,10030630,14277727
4623,4995,0.382103,0.39481699,372,0.012713989999999953,Ust_Ishim_published.DG,19,15123672,16072037
14484,14878,0.80241698,0.82440901,394,0.02199203000000005,Ust_Ishim_published.DG,19,49759494,51042560
