Start,End,StartM,EndM,length,lengthM,iid,ch,StartPosGRCh37,EndPosGRCh37
9584,11247,0.567689,0.62551999,1663,0.05783099000000003,I1178,12,41695580,48935999
