Start,End,StartM,EndM,length,lengthM,iid,ch,StartPosGRCh37,EndPosGRCh37
1215,1408,0.22537801,0.24062701,193,0.015249000000000013,I2534,18,7214796,8051285
1535,1647,0.25580299,0.26982901,112,0.014026019999999972,I2534,18,8501764,8867835
2160,2279,0.34566599,0.36078301,119,0.015117020000000037,I2534,18,11365074,11996337
3050,3227,0.43321499,0.446845,177,0.01363000999999997,I2534,18,22188216,23170686
3229,3388,0.44715601,0.45899501,159,0.011838999999999988,I2534,18,23193943,24244392
9541,9833,0.93012899,0.96547103,292,0.035342039999999963,I2534,18,66883961,69096150
10754,10914,1.07313704,1.09443104,160,0.021293999999999924,I2534,18,73720132,74387299
