Start,End,StartM,EndM,length,lengthM
1047,2275,0.264776,0.314037,1228,0.049261
3620,3761,0.38934,0.399543,141,0.010202999999999962
