Start,End,StartM,EndM,length,lengthM,iid,ch,StartPosGRCh37,EndPosGRCh37
0,3592,0.000381,0.217287,3592,0.21690600000000002,I1178,5,26366,9607318
