Start,End,StartM,EndM,length,lengthM,iid,ch,StartPosGRCh37,EndPosGRCh37
3328,4031,0.31570899,0.36449999,703,0.04879099999999997,I1166,9,14556625,17558780
