Start,End,StartM,EndM,length,lengthM
506,1081,0.265353,0.314903,575,0.04954999999999998
