Start,End,StartM,EndM,length,lengthM,iid,ch,StartPosGRCh37,EndPosGRCh37
16673,17635,0.58681297,0.60496402,962,0.018151050000000057,Ust_Ishim_published.DG,13,61272403,64215750
25051,25874,0.79498601,0.81001103,823,0.015025019999999945,Ust_Ishim_published.DG,13,84496768,86951279
38265,38739,1.23095596,1.25544798,474,0.02449202000000006,Ust_Ishim_published.DG,13,113105378,114213154
