Start,End,StartM,EndM,length,lengthM,iid,ch,StartPosGRCh37,EndPosGRCh37
526,1041,0.035788,0.054488,515,0.0187,Ust_Ishim_published.DG,18,1080791,2205343
11690,12528,0.52155399,0.53600001,838,0.014446019999999948,Ust_Ishim_published.DG,18,30264698,32978871
18151,19733,0.65435499,0.698246,1582,0.043891010000000064,Ust_Ishim_published.DG,18,45955781,49075117
29164,29505,0.97432899,0.98610097,341,0.011771980000000015,Ust_Ishim_published.DG,18,69396486,70267314
