Start,End,StartM,EndM,length,lengthM,iid,ch,StartPosGRCh37,EndPosGRCh37
399,5239,0.035357,0.38450399,4840,0.34914699000000005,I1178,7,2298227,21852852
10565,15042,0.61803597,0.79079098,4477,0.17275501000000004,I1178,7,38536202,55161156
