Start,End,StartM,EndM,length,lengthM,iid,ch,StartPosGRCh37,EndPosGRCh37
18956,21259,0.98710501,1.07594097,2303,0.08883596000000005,I1178,10,74885920,82647730
