Start,End,StartM,EndM,length,lengthM,iid,ch,StartPosGRCh37,EndPosGRCh37
0,298,0.00353,0.01678,298,0.01325,Ust_Ishim_published.DG,6,203909,753622
2074,2267,0.095897,0.10622,193,0.010322999999999999,Ust_Ishim_published.DG,6,3755037,4101567
21851,22572,0.51562703,0.531901,721,0.01627396999999997,Ust_Ishim_published.DG,6,33667707,35324741
32140,32907,0.77848101,0.79043698,767,0.011955969999999927,Ust_Ishim_published.DG,6,56708833,65468662
48368,50145,1.13778496,1.18260598,1777,0.04482101999999988,Ust_Ishim_published.DG,6,108158890,112915138
65635,66786,1.57110202,1.60632396,1151,0.03522194000000001,Ust_Ishim_published.DG,6,151327033,153491660
