Start,End,StartM,EndM,length,lengthM,iid,ch,StartPosGRCh37,EndPosGRCh37
2711,3083,0.101524,0.111582,372,0.010057999999999997,Ust_Ishim_published.DG,10,4741842,5393936
4029,4346,0.15186299,0.162733,317,0.010870009999999986,Ust_Ishim_published.DG,10,6679415,7106207
7708,8935,0.29611701,0.34323001,1227,0.04711299999999996,Ust_Ishim_published.DG,10,13258732,15134738
14079,14444,0.49268699,0.50582898,365,0.013141989999999992,Ust_Ishim_published.DG,10,26636674,27564519
28452,28991,0.90652198,0.91752601,539,0.011004030000000053,Ust_Ishim_published.DG,10,69088407,70996192
30521,30801,0.97012103,0.98189002,280,0.01176898999999998,Ust_Ishim_published.DG,10,73191336,73532422
39783,40497,1.21540403,1.22855306,714,0.013149030000000117,Ust_Ishim_published.DG,10,95398615,97308114
56336,56822,1.712008,1.73720598,486,0.025197979999999953,Ust_Ishim_published.DG,10,130947838,131845331
