Start,End,StartM,EndM,length,lengthM,iid,ch,StartPosGRCh37,EndPosGRCh37
6269,7516,0.57257301,0.66352302,1247,0.09095000999999991,I1170,1,31618766,38764389
