Start,End,StartM,EndM,length,lengthM,iid,ch,StartPosGRCh37,EndPosGRCh37
984,1177,0.057164,0.0699,193,0.012736000000000004,Ust_Ishim_published.DG,21,17389333,17827789
12533,12911,0.48773301,0.50549501,378,0.017761999999999944,Ust_Ishim_published.DG,21,41818543,42410865
