Start,End,StartM,EndM,length,lengthM,iid,ch,StartPosGRCh37,EndPosGRCh37
17909,18748,0.831411,0.87222302,839,0.04081201999999995,I1160,6,71129673,77247004
