Start,End,StartM,EndM,length,lengthM,iid,ch,StartPosGRCh37,EndPosGRCh37
1080,1414,0.039154,0.053383,334,0.014228999999999999,Ust_Ishim_published.DG,8,2034677,2572946
3218,3752,0.110056,0.1222,534,0.012144000000000002,Ust_Ishim_published.DG,8,4279972,4721519
9349,9794,0.33302701,0.34852001,445,0.015492999999999979,Ust_Ishim_published.DG,8,15714725,16667809
13084,13518,0.45280799,0.47350901,434,0.020701020000000014,Ust_Ishim_published.DG,8,21587997,22632055
21674,24205,0.69395399,0.73164099,2531,0.037687000000000026,Ust_Ishim_published.DG,8,42528008,55264412
28396,29136,0.82166803,0.83444202,740,0.012773990000000013,Ust_Ishim_published.DG,8,66090698,68663256
35422,37181,0.99634302,1.02263498,1759,0.026291960000000114,Ust_Ishim_published.DG,8,85132271,91145727
51821,52074,1.39884496,1.41315997,253,0.014315010000000017,Ust_Ishim_published.DG,8,128412010,128858689
