Start,End,StartM,EndM,length,lengthM,iid,ch,StartPosGRCh37,EndPosGRCh37
9775,11267,0.58718902,0.66873997,1492,0.08155095000000001,I1178,13,61328047,72428647
