Start,End,StartM,EndM,length,lengthM,iid,ch,StartPosGRCh37,EndPosGRCh37
14,160,0.13924301,0.14996,146,0.01071699000000001,Ust_Ishim_published.DG,15,22784095,23084443
2103,2835,0.313485,0.332845,732,0.01935999999999999,Ust_Ishim_published.DG,15,27984163,29418987
2988,3286,0.34347501,0.358789,298,0.01531399,Ust_Ishim_published.DG,15,29717045,31218164
4544,4891,0.43620199,0.447236,347,0.011034010000000039,Ust_Ishim_published.DG,15,34019122,34653300
20496,20750,0.89193302,0.90203297,254,0.01009995000000008,Ust_Ishim_published.DG,15,71745594,72093612
22501,23011,0.92978901,0.94774997,510,0.017960960000000026,Ust_Ishim_published.DG,15,78395362,79466305
27086,28031,1.05632401,1.09586096,945,0.039536950000000015,Ust_Ishim_published.DG,15,89183019,91380471
28989,29582,1.13891304,1.17215598,593,0.033242940000000054,Ust_Ishim_published.DG,15,92968518,93836373
