Start,End,StartM,EndM,length,lengthM,iid,ch,StartPosGRCh37,EndPosGRCh37
12577,13149,1.13164306,1.17707396,572,0.04543089999999994,I1170,18,75583342,78012249
