Start,End,StartM,EndM,length,lengthM,iid,ch,StartPosGRCh37,EndPosGRCh37
7961,8749,0.35045099,0.364167,788,0.01371601,Ust_Ishim_published.DG,12,17379822,19697631
34513,34811,1.04803598,1.05940402,298,0.011368039999999802,Ust_Ishim_published.DG,12,92308227,92914625
36263,42302,1.11396003,1.26635003,6039,0.1523899999999998,Ust_Ishim_published.DG,12,95931697,108496508
49903,50785,1.53215802,1.57769895,882,0.045540930000000035,Ust_Ishim_published.DG,12,126820127,128367474
51763,52024,1.64439297,1.65446305,261,0.010070079999999981,Ust_Ishim_published.DG,12,129722628,130056480
