Start,End,StartM,EndM,length,lengthM
3500,3727,1.627885,1.639566,227,0.011681000000000052
5371,8069,1.741081,1.902417,2698,0.16133599999999992
8085,8557,1.903448,1.925284,472,0.021835999999999967
9185,9483,1.972627,1.989974,298,0.017347
