Start,End,StartM,EndM,length,lengthM,iid,ch,StartPosGRCh37,EndPosGRCh37
11,585,0.018961,0.072243,574,0.053282,I1178,21,15454659,17832871
592,958,0.085863,0.126019,366,0.040156,I1178,21,17885987,19557045
