Start,End,StartM,EndM,length,lengthM,iid,ch,StartPosGRCh37,EndPosGRCh37
3596,4026,0.139364,0.149729,430,0.010365000000000013,Ust_Ishim_published.DG,9,4988761,6068910
6895,7652,0.243909,0.25862601,757,0.01471701000000003,Ust_Ishim_published.DG,9,10543899,12267967
10501,11174,0.362158,0.37771901,673,0.015561010000000042,Ust_Ishim_published.DG,9,17463615,18495481
39646,40498,1.206864,1.23889697,852,0.03203297000000016,Ust_Ishim_published.DG,9,115867276,117225658
