Start,End,StartM,EndM,length,lengthM,iid,ch,StartPosGRCh37,EndPosGRCh37
10411,11924,0.63402098,0.74047798,1513,0.10645700000000002,I1178,22,48008036,51165664
