Start,End,StartM,EndM,length,lengthM,iid,ch,StartPosGRCh37,EndPosGRCh37
1501,7649,0.1147,0.481877,6148,0.367177,I1178,16,5664127,24534255
20076,23380,1.11716998,1.34022999,3304,0.2230600100000002,I1178,16,83103233,90141477
