Start,End,StartM,EndM,length,lengthM,iid,ch,StartPosGRCh37,EndPosGRCh37
0,315,3.8e-05,0.056503,315,0.056464999999999994,I1178,19,267614,1550650
341,3941,0.06301,0.397439,3600,0.334429,I1178,19,1735218,16172739
7886,11980,0.61568803,0.92006701,4094,0.30437897999999997,I1178,19,36123403,53809915
