Start,End,StartM,EndM,length,lengthM,iid,ch,StartPosGRCh37,EndPosGRCh37
2628,2859,0.29680601,0.31684101,231,0.02003499999999997,I2534,13,33643904,35019737
3281,3408,0.363711,0.37724701,127,0.013536009999999987,I2534,13,38348306,39545127
4272,4848,0.49393201,0.525006,576,0.031073989999999996,I2534,13,47515019,51590085
8880,9058,0.87663198,0.89221001,178,0.01557803000000002,I2534,13,95154796,95932010
11195,11292,1.107283,1.11884701,97,0.011564010000000069,I2534,13,108236231,108775162
