Start,End,StartM,EndM,length,lengthM,iid,ch,StartPosGRCh37,EndPosGRCh37
3113,3245,0.32925001,0.34131199,132,0.012061980000000028,I2534,8,15503648,16243135
3798,3864,0.398128,0.40838501,66,0.01025701000000001,I2534,8,18909558,19155425
5378,5548,0.52256203,0.53378803,170,0.011225999999999958,I2534,8,25888552,26662246
6101,6201,0.57386702,0.58700597,100,0.013138949999999983,I2534,8,29419564,29836592
8263,12797,0.70498902,1.02915394,4534,0.3241649200000001,I2534,8,52339153,92870759
14219,14376,1.15240204,1.16472995,157,0.012327909999999997,I2534,8,103053815,103806914
15501,15734,1.22975504,1.24882495,233,0.019069910000000023,I2534,8,116185156,118218521
16345,16638,1.28735399,1.31525195,293,0.02789796,I2534,8,122144996,123942288
17077,17268,1.353351,1.37154496,191,0.018193960000000065,I2534,8,125955401,126953742
