Start,End,StartM,EndM,length,lengthM
1018,2229,0.264776,0.314037,1211,0.049261
9652,9885,0.662343,0.672595,233,0.010252000000000039
