Start,End,StartM,EndM,length,lengthM,iid,ch,StartPosGRCh37,EndPosGRCh37
2395,3925,0.33485001,0.427939,1530,0.09308899000000004,I2534,22,29261159,36649966
3929,4509,0.428231,0.47304001,580,0.04480901000000004,I2534,22,36664002,38640312
