Start,End,StartM,EndM,length,lengthM,iid,ch,StartPosGRCh37,EndPosGRCh37
8974,9839,0.31090501,0.343961,865,0.033055990000000035,Ust_Ishim_published.DG,11,18790003,20086764
16450,16940,0.53485501,0.55149299,490,0.01663797999999994,Ust_Ishim_published.DG,11,35551866,36374171
27256,28248,0.80533302,0.828219,992,0.022885980000000083,Ust_Ishim_published.DG,11,74170831,76515259
28993,29566,0.846506,0.86731499,573,0.020808990000000027,Ust_Ishim_published.DG,11,78681055,79530150
36842,37462,1.02656996,1.04012096,620,0.01355100000000009,Ust_Ishim_published.DG,11,97124903,98887003
42411,43204,1.14850199,1.16481602,793,0.01631402999999998,Ust_Ishim_published.DG,11,111141676,113053558
48397,48918,1.35118997,1.36324704,521,0.012057070000000003,Ust_Ishim_published.DG,11,123450894,124454319
50502,50947,1.413468,1.428074,445,0.014606000000000119,Ust_Ishim_published.DG,11,127331680,128381808
