Start,End,StartM,EndM,length,lengthM,iid,ch,StartPosGRCh37,EndPosGRCh37
229,339,0.062821,0.079479,110,0.016657999999999992,I2534,19,1732791,2326215
4122,6300,0.522241,0.71675402,2178,0.19451302000000004,I2534,19,30732502,45498622
7078,7221,0.81147498,0.823856,143,0.012381020000000076,I2534,19,50271502,51029602
