Start,End,StartM,EndM,length,lengthM,iid,ch,StartPosGRCh37,EndPosGRCh37
1304,1667,0.124429,0.17157599,363,0.047146990000000014,I1166,2,4822424,6394782
