Start,End,StartM,EndM,length,lengthM,iid,ch,StartPosGRCh37,EndPosGRCh37
7221,7855,0.388464,0.39988101,634,0.011417010000000005,Ust_Ishim_published.DG,22,34090873,35137963
12541,12867,0.57424802,0.59192199,326,0.01767397000000004,Ust_Ishim_published.DG,22,45451267,46043808
