Start,End,StartM,EndM,length,lengthM,iid,ch,StartPosGRCh37,EndPosGRCh37
16171,16702,0.946621,0.98669201,531,0.04007100999999991,I1170,6,88955689,92011208
