Start,End,StartM,EndM,length,lengthM
1096,1881,0.3178,0.40924,785,0.09143999999999997
1898,1989,0.411975,0.42652,91,0.01454500000000003
2597,2685,0.47562,0.48946,88,0.013840000000000019
4634,4715,0.641069,0.651944,81,0.010874999999999968
