Start,End,StartM,EndM,length,lengthM,iid,ch,StartPosGRCh37,EndPosGRCh37
3216,9660,0.236136,0.555893,6444,0.31975699999999996,I1178,3,9248379,32219726
19509,40280,0.91742498,1.82864296,20771,0.9112179800000001,I1178,3,68600488,174410136
41385,42691,1.90314698,1.99392295,1306,0.09077596999999993,I1178,3,180638648,186587417
