Start,End,StartM,EndM,length,lengthM,iid,ch,StartPosGRCh37,EndPosGRCh37
2526,2786,0.13924301,0.15366399,260,0.01442098,Ust_Ishim_published.DG,20,4716873,5209217
3034,3468,0.18271101,0.200499,434,0.017787990000000004,Ust_Ishim_published.DG,20,5698185,6529470
6657,6920,0.31695899,0.32708901,263,0.010130020000000017,Ust_Ishim_published.DG,20,12299029,12771339
8655,9125,0.38302401,0.39529201,470,0.012268000000000001,Ust_Ishim_published.DG,20,16076697,16740597
22989,23347,0.79301602,0.81085199,358,0.017835969999999923,Ust_Ishim_published.DG,20,51927911,52668925
