Start,End,StartM,EndM,length,lengthM,iid,ch,StartPosGRCh37,EndPosGRCh37
825,4488,0.082527,0.33706701,3663,0.25454001,I1178,17,2906710,13152867
