Start,End,StartM,EndM,length,lengthM,iid,ch,StartPosGRCh37,EndPosGRCh37
399,467,0.103946,0.117219,68,0.013273000000000007,I2534,21,18774398,19253002
902,960,0.194429,0.204881,58,0.010452000000000017,I2534,21,23258743,23962827
1638,2553,0.293374,0.35847199,915,0.06509799,I2534,21,29530475,35030010
3186,3980,0.404082,0.46206799,794,0.05798598999999999,I2534,21,37718587,41026043
4665,5125,0.53870302,0.56584001,460,0.027136989999999916,I2534,21,43363686,44493231
