Start,End,StartM,EndM,length,lengthM,iid,ch,StartPosGRCh37,EndPosGRCh37
774,954,0.106387,0.127079,180,0.020692000000000002,I2534,17,3953102,4953724
1882,1982,0.21427999,0.228678,100,0.014398009999999989,I2534,17,9038878,9408644
2567,2823,0.30410299,0.337787,256,0.033684009999999986,I2534,17,11803461,13176131
5209,5607,0.554658,0.59735501,398,0.042697010000000035,I2534,17,33162292,36022278
10846,10984,1.06699002,1.07947195,138,0.012481930000000085,I2534,17,72240681,72784932
12030,12173,1.18905306,1.20276594,143,0.013712879999999927,I2534,17,77230377,77455822
12205,12305,1.22681904,1.23796594,100,0.01114689999999996,I2534,17,77773876,78185642
12581,12708,1.25611997,1.273332,127,0.017212029999999823,I2534,17,79213562,80191425
