Start,End,StartM,EndM,length,lengthM
353,948,0.47304,0.509852,595,0.036811999999999956
4072,5924,0.624348,0.73669,1852,0.11234199999999994
5967,7311,0.738905,0.791997,1344,0.05309199999999992
7359,7782,0.793155,0.807346,423,0.014190999999999954
7841,8218,0.809307,0.851001,377,0.04169400000000001
