Start,End,StartM,EndM,length,lengthM,iid,ch,StartPosGRCh37,EndPosGRCh37
959,1290,0.106573,0.14107899,331,0.034505989999999986,I2534,16,5460582,6377787
3189,3355,0.30884799,0.32064301,166,0.01179501999999999,I2534,16,13438842,14129058
3813,3924,0.37515599,0.39070499,111,0.01554899999999998,I2534,16,17719710,19095374
3942,4119,0.39724699,0.409392,177,0.012145009999999956,I2534,16,19194104,20062879
6066,6250,0.60257798,0.61712003,184,0.014542050000000084,I2534,16,49712818,50759547
10546,10775,0.97639501,1.00480294,229,0.02840793000000008,I2534,16,78311773,79044649
11497,11627,1.07032502,1.08305502,130,0.012729999999999908,I2534,16,81525637,81844013
13246,13393,1.25156701,1.26159096,147,0.010023949999999893,I2534,16,86274851,86538372
