Start,End,StartM,EndM,length,lengthM,iid,ch,StartPosGRCh37,EndPosGRCh37
1753,1994,0.117391,0.128534,241,0.011143000000000014,Ust_Ishim_published.DG,17,4483267,5163963
3140,3411,0.183531,0.19459499,271,0.011063989999999996,Ust_Ishim_published.DG,17,7269373,7984157
5766,6121,0.31643099,0.33355001,355,0.017119019999999985,Ust_Ishim_published.DG,17,12414632,13044303
10225,10748,0.50007099,0.515378,523,0.01530701000000001,Ust_Ishim_published.DG,17,30880899,31811476
11874,12212,0.55632001,0.56991899,338,0.013598980000000038,Ust_Ishim_published.DG,17,33563794,34434699
20846,21467,0.862454,0.891855,621,0.0294009999999999,Ust_Ishim_published.DG,17,61559923,63534538
