Start,End,StartM,EndM,length,lengthM,iid,ch,StartPosGRCh37,EndPosGRCh37
46263,46932,2.81980991,2.861835,669,0.0420250900000001,I1160,1,245725714,249089971
17909,18748,0.831411,0.87222302,839,0.0408120199999999,I1160,6,71129673,77247004
