Start,End,StartM,EndM,length,lengthM,iid,ch,StartPosGRCh37,EndPosGRCh37
1304,1667,0.124429,0.17157599,363,0.04714699,I1166,2,4822424,6394782
3328,4031,0.31570899,0.36449999,703,0.0487909999999999,I1166,9,14556625,17558780
