Start,End,StartM,EndM,length,lengthM,iid,ch,StartPosGRCh37,EndPosGRCh37
6269,7516,0.57257301,0.66352302,1247,0.0909500099999999,I1170,1,31618766,38764389
16171,16702,0.946621,0.98669201,531,0.0400710099999999,I1170,6,88955689,92011208
1939,2757,0.20886999,0.300798,818,0.09192801,I1170,12,8604394,13526328
12577,13149,1.13164306,1.17707396,572,0.0454308999999999,I1170,18,75583342,78012249
