Start,End,StartM,EndM,length,lengthM,iid,ch,StartPosGRCh37,EndPosGRCh37
38445,40912,1.76682794,1.90580904,2467,0.13898110000000008,I1178,2,163623169,175599106
