Start,End,StartM,EndM,length,lengthM,iid,ch,StartPosGRCh37,EndPosGRCh37
224,645,0.01149,0.041275,421,0.029785,Ust_Ishim_published.DG,16,810039,2059347
4653,4905,0.214655,0.225302,252,0.01064699999999999,Ust_Ishim_published.DG,16,8865819,9403613
5792,6095,0.255604,0.26664901,303,0.011045010000000022,Ust_Ishim_published.DG,16,10756895,11339128
12329,12690,0.545165,0.557383,361,0.012217999999999951,Ust_Ishim_published.DG,16,27172748,28006300
15622,15920,0.65288001,0.66390401,298,0.011024000000000034,Ust_Ishim_published.DG,16,52763228,53665337
16570,16887,0.701828,0.71237302,317,0.010545020000000016,Ust_Ishim_published.DG,16,54749267,55272956
19911,25600,0.81935501,0.964046,5689,0.14469098999999996,Ust_Ishim_published.DG,16,62615993,77876875
26206,26514,0.98231101,0.99621302,308,0.01390201000000002,Ust_Ishim_published.DG,16,78590925,78961207
31729,31876,1.194646,1.20764506,147,0.01299905999999984,Ust_Ishim_published.DG,16,85178730,85466841
