Start,End,StartM,EndM,length,lengthM,iid,ch,StartPosGRCh37,EndPosGRCh37
18316,20193,1.06199503,1.17703295,1877,0.11503792000000002,I1178,18,73099261,78002055
