Start,End,StartM,EndM,length,lengthM,iid,ch,StartPosGRCh37,EndPosGRCh37
939,3857,0.103408,0.28611299,2918,0.18270499,I1178,1,4367323,13864528
39593,45713,1.98945606,2.27830505,6120,0.2888489900000002,I1178,1,183297554,211079618
