Start,End,StartM,EndM,length,lengthM,iid,ch,StartPosGRCh37,EndPosGRCh37
4270,10948,0.31609201,0.57708102,6678,0.26098900999999997,I1178,20,12276356,39406575
