Start,End,StartM,EndM,length,lengthM,iid,ch,StartPosGRCh37,EndPosGRCh37
1758,4365,0.12777901,0.29544199,2607,0.16766298,I1178,4,5995255,13723484
24314,26821,1.30610394,1.44481695,2507,0.13871301000000003,I1178,4,122673274,139861418
