Start,End,StartM,EndM,length,lengthM,iid,ch,StartPosGRCh37,EndPosGRCh37
3216,9660,0.236136,0.555893,6444,0.31975699999999996,I1178,3,9248379,32219726
19509,36446,0.91742498,1.65008295,16937,0.7326579700000001,I1178,3,68600488,153404708
36484,40280,1.65337098,1.82864296,3796,0.17527198,I1178,3,153572537,174410136
41385,42691,1.90314698,1.99392295,1306,0.09077596999999993,I1178,3,180638648,186587417
42732,42894,1.99902499,2.00939894,162,0.010373950000000187,I1178,3,186709810,187163046
44176,44290,2.11223292,2.12618709,114,0.013954170000000321,I1178,3,191929784,192501056
44666,44750,2.1544199,2.16828609,84,0.01386618999999989,I1178,3,193821569,194057168
