Start,End,StartM,EndM,length,lengthM,iid,ch,StartPosGRCh37,EndPosGRCh37
9,289,0.0214,0.036932,280,0.015532,Ust_Ishim_published.DG,14,20389241,20946932
5568,5854,0.27849999,0.290488,286,0.011988010000000049,Ust_Ishim_published.DG,14,33530901,33910447
21944,22329,0.69244099,0.70474201,385,0.012301019999999996,Ust_Ishim_published.DG,14,74940602,75939172
24323,27414,0.75759399,0.82617402,3091,0.0685800299999999,Ust_Ishim_published.DG,14,79714572,87501168
29080,30040,0.88532102,0.92187703,960,0.03655600999999997,Ust_Ishim_published.DG,14,91226971,93461310
32337,32736,1.00653803,1.01860595,399,0.01206792000000001,Ust_Ishim_published.DG,14,97080865,97735169
