Start,End,StartM,EndM,length,lengthM,iid,ch,StartPosGRCh37,EndPosGRCh37
1939,2757,0.20886999,0.300798,818,0.09192801,I1170,12,8604394,13526328
