Start,End,StartM,EndM,length,lengthM,iid,ch,StartPosGRCh37,EndPosGRCh37
2863,4101,0.432307,0.52327198,1238,0.09096497999999997,I1178,15,33936879,39111829
4130,11683,0.52991098,0.83722597,7553,0.30731498999999995,I1178,15,39181802,68677349
