Start,End,StartM,EndM,length,lengthM
2254,3717,0.314523,0.400603,1463,0.08607999999999999
3967,4146,0.417273,0.433809,179,0.016535999999999995
