Start,End,StartM,EndM,length,lengthM
1612,1927,0.288055,0.298412,315,0.010357000000000005
2284,3654,0.317863,0.395435,1370,0.07757199999999997
6593,6752,0.541972,0.55501,159,0.013037999999999994
9000,9215,0.624939,0.636863,215,0.011923999999999935
9448,9651,0.649457,0.662006,203,0.012549000000000032
