Start,End,StartM,EndM,length,lengthM,iid,ch,StartPosGRCh37,EndPosGRCh37
845,972,0.090096,0.109693,127,0.019597000000000003,I2534,12,3771789,4313438
6130,6445,0.605739,0.62586302,315,0.02012402000000002,I2534,12,47318095,48963021
8675,8919,0.80327898,0.820759,244,0.01748002000000004,I2534,12,66854354,68005995
11164,11312,1.04774702,1.06103802,148,0.013290999999999942,I2534,12,92248851,93131203
15054,15221,1.34087706,1.35581005,167,0.014932990000000146,I2534,12,115386864,115960553
18178,18336,1.66502595,1.68501997,158,0.019994019999999946,I2534,12,130315930,130786380
